   0,   0,   0,   0,   0,   0,   0,   0,   0,   0,   0,   0,   0,   0,   0,   0,   0,   0,   0,   0,   0,   0,   0
   0,   0,   0,   0,   0,   0,   0,   0,   0,   0,   0,   0,   0,   0,   0,   0,   0,   0,   0,   0,   0,   0,   0
   9,  11,  11,  12,  12,  15,  25,  15,  16,  16,  17,  17,  17,  17,  17,  17,  18,  17,  18,  18,  18,  20,  21
   5,   6,   6,   7,   7,   9,   9,   9,   9,  10,  10,  10,  10,  10,  11,  11,  11,  11,  13,  12,  14,  15,  15
   0,   0,   0,   0,   0,   0,   0,   0,   0,   0,   0,   0,   0,   0,   0,   0,   0,   0,   0,   0,   0,   0,   0
   0,   0,   0,   1,   1,   1,   2,   2,   2,   2,   2,   2,   2,   2,   3,   3,   3,   3,   3,   4,   4,   4,   5
   8,   7,   7,   7,   9,   8,   8,   8,   8,   8,   8,   8,   8,   8,   9,   9,   9,   9,   9,   9,   9,  10,  11
   4,   4,   5,   5,   6,   7,   7,   7,   7,   7,   8,   8,   9,   8,   8,   9,   9,   8,   9,   9,   8,   8,   9
   8,   8,   9,   9,  10,  10,  11,  11,  11,  11,  12,  12,  12,  13,  12,  12,  12,  13,  13,  13,  13,  14,  14
  13,  14,  14,  15,  15,  18,  16,  16,  17,  17,  19,  19,  18,  17,  19,  19,  20,  20,  21,  21,  20,  20,  21
   0,   0,   0,   0,   0,   0,   0,   0,   0,   0,   0,   0,   0,   0,   0,   0,   0,   0,   0,   0,   0,   0,   0
   2,   2,   2,   2,   2,   3,   3,   3,   3,   3,   3,   2,   4,   4,   4,   4,   4,   5,   5,   5,   5,   6,   7
   4,   4,   5,   5,   8,   6,   7,   7,   7,   7,   7,   7,   8,   8,   7,   8,   8,   8,   8,   9,   8,   9,  10
  11,  12,  12,  12,  14,   7,  14,  13,  13,  13,  14,  14,  14,  14,  14,  14,  14,  15,  15,  15,  15,  16,  17
   5,   7,   8,   8,   8,   9,   9,  10,   9,  10,  10,  10,  10,  10,  10,  11,  10,  11,  11,  12,  12,  12,  12
  15,   9,  10,  11,  10,  13,  14,  14,  14,  14,  16,  16,  17,  16,  16,  17,  18,  16,  18,  18,  18,  19,  20
   6,   6,   6,   6,   8,   7,   9,   8,   8,   8,   7,   7,   8,   8,   8,   8,   8,   8,   8,   9,   9,   9,   9
   0,   0,   0,   0,   0,   0,   0,   0,   0,   0,   0,   0,   0,   0,   0,   0,   0,   0,   0,   0,   0,   0,   0
   8,  10,  12,  12,  16,  13,  17,  18,  16,  21,  17,  19,  23,  23,  22,  22,  23,  23,  22,  21,  22,  23,  23
   4,   9,  12,  10,  11,   6,  10,  10,   9,  11,   8,  10,   8,   8,  11,  10,  10,   9,  10,  10,  11,  11,  12
  10,  10,  10,  10,  12,  11,  11,  11,  11,  11,  12,  12,  12,  12,  12,  12,  12,  13,  13,  13,  13,  14,  15
   6,   7,   9,  10,   9,  12,  12,  13,  12,  13,  13,  13,  14,  13,  13,  14,  14,  14,  14,  14,  15,  15,  16
   7,   7,   7,   7,   9,   8,   8,   8,   8,   8,   8,   9,   9,   9,   9,   9,   9,   9,   9,   9,  10,  10,  11
   5,   6,   6,   6,   6,   6,   9,   8,   8,   8,   6,   6,   7,   7,   7,   7,   7,   8,   8,   8,   8,   8,   9
   9,   9,   9,  10,  10,  12,  13,  13,  14,  15,  14,  15,  14,  44,  16,  16,  23,  44,  18,  17,  16,  43,  43
  15,  21,  14,  15,  17,  15,  20,  20,  19,  21,  18,  21,  19,  19,  25,  21,  27,  21,  28,  23,  25,  21,  22
   3,   4,   4,   4,   6,   5,   5,   5,   5,   5,   6,   6,   7,   7,   6,   6,   7,   7,   7,   7,   7,   7,   7
  14,  15,  14,  22,  18,  22,  18,  19,  19,  21,  21,  22,  22,  21,  21,  25,  29,  25,  23,  23,  22,  23,  24
   6,   6,   6,   5,   7,   5,   7,   7,   6,   7,   6,   7,   7,   7,   7,   7,   7,   7,   7,   8,   8,  10,  12
  14,  16,  28,  24,  26,  14,  17,  17,  16,  17,  16,  17,  19,  20,  25,  20,  18,  21,  25,  26,  25,  23,  25
  12,  19,  18,  16,  18,  13,  16,  16,  15,  19,  19,  19,  20,  17,  21,  21,  20,  17,  19,  19,  21,  20,  21
  10,  11,  14,  14,  14,  17,  19,  20,  19,  21,  21,  22,  20,  32,  24,  25,  24,  32,  26,  25,  24,  32,  32
   6,   6,  10,   9,  10,   2,  15,  16,  15,  15,   5,  13,  14,  14,  13,  14,  15,  16,  15,  18,  17,  17,  18
  17,   3,   3,   3,   3,   4,   5,   5,   5,   5,   5,   5,   6,   6,   6,   6,   6,   6,   6,   7,   7,   7,   8
   0,   0,   0,   0,   0,   0,   0,   0,   0,   0,   0,   0,   0,   0,   0,   0,   0,   0,   0,   0,   0,   0,   0
   0,   0,   0,   0,   0,   0,   0,   0,   0,   0,   0,   0,   0,   0,   0,   0,   0,   0,   0,   0,   0,   0,   0
   0,   0,   0,   0,   0,   0,   0,   0,   0,   0,   0,   0,   0,   0,   0,   0,   0,   0,   0,   0,   0,   0,   0
   5,   6,   6,   6,   6,   6,   6,   6,   6,   6,   6,   6,   7,   7,   7,   7,   7,   7,   7,   7,   7,   8,   8
   5,   5,   5,   5,   6,   6,   7,   7,   7,   7,   7,   7,   8,   8,   8,   8,   9,   9,   9,   9,   9,   9,  10
   4,   4,   4,   4,   4,   4,   5,   5,   4,   4,   4,   4,   4,   4,   5,   4,   4,   5,   5,   5,   5,   5,   6
   0,   0,   0,   0,   1,   1,   1,   1,   1,   2,   3,   3,   4,   4,   4,   3,   3,   4,   4,   4,   4,   4,   4
   3,   2,   3,   3,   4,   3,   4,   4,   4,   4,   5,   5,   6,   4,   5,   5,   7,   5,   6,   5,   6,   6,   7
   1,   2,   2,   2,   2,   3,   4,   4,   4,   4,   4,   4,   4,   4,   4,   5,   5,   5,   5,   6,   6,   6,   6
   6,   6,   6,   6,   6,   6,   9,   8,   8,  10,  11,   9,  17,   7,  15,  10,  11,   7,   9,  10,  15,   9,  10
   8,   8,   9,   9,   9,   8,  11,   9,   8,   8,   9,   9,  11,   6,   9,   9,  11,   9,   9,  10,   9,  10,  10
   6,   7,   6,   6,   7,   6,   7,   6,   6,   6,   7,   7,   7,   7,   7,   7,   7,   7,   8,   8,   8,   9,   9
   3,   3,   3,   3,   3,   4,   5,   5,   5,   6,   6,   7,   5,   5,   8,   7,  10,   7,  10,   7,   8,   7,   7
   0,   0,   0,   0,   0,   0,   0,   0,   0,   0,   0,   0,   0,   0,   0,   0,   0,   0,   0,   0,   0,   0,   0
   0,   0,   0,   0,   0,   0,   0,   0,   0,   0,   0,   0,   0,   0,   0,   0,   0,   0,   0,   0,   0,   0,   0
   7,   8,   8,   9,  12,  11,  12,  13,  13,  17,  15,  16,  23,  23,  21,  21,  22,  23,  18,  19,  21,  23,  23
  11,  11,  11,  11,  28,  12,  12,  12,  12,  14,  13,  13,  13,  14,  15,  15,  14,  14,  14,  14,  15,  15,  16
  15,   3,   3,   4,   4,   5,   5,   5,   5,   7,   5,   6,   6,   5,   7,   9,   6,   6,   6,   7,   7,  15,   8
   0,   0,   0,   0,   0,   0,   0,   0,   0,   0,   0,   0,   0,   0,   0,   0,   0,   0,   0,   0,   0,   0,   0
   5,   5,   5,   6,   7,   7,   8,   8,   8,   8,  10,  10,   8,   8,   9,   9,  13,   9,  10,  10,  10,  10,  11
  21,   6,   4,   7,   8,   9,   9,   9,   9,  10,  10,  10,  11,  11,  11,  12,  11,  12,  13,  13,  13,  14,  16
   7,   8,   9,  10,  13,  11,  14,  14,  14,  15,  15,  18,  16,  15,  17,  17,  21,  15,  21,  17,  20,  22,  25
   5,   5,   5,   5,   6,   6,   6,   6,   6,   7,   7,   7,   7,   7,   8,   8,   8,   8,  11,  11,   8,   9,  10
   4,   4,   4,   5,   6,   6,   6,   6,   6,   7,   7,   7,   8,   8,   8,   8,   8,   8,   8,   9,   9,  10,  11
   4,   4,   4,   4,   6,   5,   6,   5,  11,   5,   5,   6,   6,   4,   6,   6,   6,   6,   6,   6,   6,   7,   7
   3,   3,   3,   3,   4,   4,   4,   4,   4,   5,   5,   5,   7,   6,   6,   5,   5,   6,   5,   5,   6,   6,   7
   5,   5,   5,   5,   6,   5,   8,   6,   6,   9,   6,   6,   7,   7,   7,   7,   7,   8,  13,  14,   7,   7,   8
   9,   7,   7,   9,   9,  12,  12,  12,  13,  13,  13,  14,  14,  14,  14,  15,  16,  17,  17,  19,  18,  19,  20
   0,   0,   0,   0,   0,   0,   0,   0,   0,   0,   0,   0,   0,   0,   0,   0,   0,   0,   0,   0,   0,   0,   0
   0,   0,   0,   0,   0,   0,   0,   0,   0,   0,   0,   0,   0,   0,   0,   0,   0,   0,   0,   0,   0,   0,   0
   0,   0,   0,   0,   0,   0,   0,   0,   0,   0,   0,   0,   0,   0,   0,   0,   0,   0,   0,   0,   0,   0,   0
   4,   4,   4,   5,  14,   7,   6,   6,   6,   7,   8,  10,   9,   7,   8,  10,  10,   8,  10,  11,  10,  10,  11
   1,   1,   1,   1,   2,   1,   2,   1,   1,   1,   2,   2,   2,   2,   2,   2,   2,   2,   2,   2,   2,   3,   3
   0,   0,   0,   0,   0,   0,   0,   0,   0,   0,   0,   0,   0,   0,   0,   0,   0,   0,   0,   0,   0,   0,   0
   0,   0,   0,   0,   0,   0,   0,   0,   0,   0,   0,   0,   0,   0,   0,   0,   0,   0,   0,   0,   0,   0,   0
   0,   0,   0,   0,   0,   0,   0,   0,   0,   0,   0,   0,   0,   0,   0,   0,   0,   0,   0,   0,   0,   0,   0
   0,   0,   0,   0,   0,   0,   0,   0,   0,   0,   0,   0,   0,   0,   0,   0,   0,   0,   0,   0,   0,   0,   0
   4,   4,   4,   4,   5,   4,   4,   4,   4,   7,   8,   7,   9,   5,   9,   8,  10,   6,   8,   8,   9,   8,   8
   8,   8,   9,  10,  11,  11,  12,  12,  11,  12,  12,  12,  12,  11,  13,  13,  14,  14,  14,  16,  13,  13,  13
   2,   2,   2,   3,   4,   4,   5,   5,   5,  12,  12,   9,   7,   7,  15,  12,  15,   7,   8,   9,  14,   7,   8
   2,   4,   3,   3,   3,   3,   3,   3,   3,   3,   6,   6,   4,   4,  21,   6,   4,   5,   5,   5,  20,   6,   6
   7,   4,   5,   5,   5,   6,   8,   8,   7,   7,   7,   7,   8,   7,   7,   7,   8,   7,   8,   8,   8,   8,   8
   0,   0,   0,   0,   0,   0,   0,   0,   0,   0,   0,   0,   0,   0,   0,   0,   0,   0,   0,   0,   0,   0,   0
   0,   0,   0,   0,   0,   0,   0,   0,   0,   0,   0,   0,   0,   0,   0,   0,   0,   0,   0,   0,   0,   0,   0
   7,   9,  11,  22,  11,  12,  13,  14,  13,  14,  15,  16,  15,  14,  20,  15,  15,  14,  15,  15,  20,  15,  16
   0,   0,   0,   0,   0,   0,   0,   0,   0,   0,   0,   0,   0,   0,   0,   0,   0,   0,   0,   0,   0,   0,   0
   5,   5,   5,   5,   8,   8,  10,  10,  10,  11,  11,  12,   5,  13,  12,  14,  14,  15,  19,  15,  16,  16,  18
   0,   0,   0,   0,   0,   0,   0,   0,   0,   0,   0,   0,   0,   0,   0,   0,   0,   0,   0,   0,   0,   0,   0
   6,   9,   8,   9,  10,  11,  11,  11,  15,  17,  15,  16,  14,  13,  20,  20,  15,  15,  16,  16,  20,  17,  17
   0,   0,   0,   0,   0,   0,   0,   0,   0,   0,   0,   0,   0,   0,   0,   0,   0,   0,   0,   0,   0,   0,   0
   7,   7,   7,   7,  10,   8,   9,   9,   9,  10,  10,  11,  11,  11,  12,  12,  12,  11,  12,  12,  12,  12,  12
   2,   3,   4,   3,   5,   3,   5,   5,   5,   4,   4,   4,   6,   4,   4,   4,   5,   5,   6,   7,   8,   9,   9
   2,   4,   3,   3,   4,   5,   5,   5,   5,   6,   6,   6,   6,   6,   8,   7,   7,   7,   7,   8,   8,   9,  10
   2,   4,   3,   3,   3,   3,   3,   3,   4,   4,   5,   4,   7,   4,   4,   6,   5,   5,   6,   6,   5,   6,   6
   2,   2,   2,   2,   2,   3,   4,   4,   3,   4,   4,   3,   5,   4,   4,   5,   5,   5,   5,   5,   5,   6,   7
   3,   4,   5,   5,   9,   7,   8,   8,   7,   8,  10,  10,  11,  10,   9,  10,  12,  10,  11,  11,  11,  11,  13
   5,  10,  10,   9,  10,   8,  18,   8,   8,   9,  10,  10,  10,  10,  11,  11,  11,  10,  11,  11,  11,  12,  13
   1,   1,   2,   2,   3,   2,   2,   1,   2,   3,   5,   5,   7,   7,   7,   8,   8,   9,  11,  12,  13,  14,  16
   0,   0,   0,   0,   0,   0,   0,   0,   0,   0,   0,   0,   0,   0,   0,   0,   0,   0,   0,   0,   0,   0,   0
   0,   0,   0,   0,   0,   0,   0,   0,   0,   0,   0,   0,   0,   0,   0,   0,   0,   0,   0,   0,   0,   0,   0
   0,   0,   0,   0,   0,   0,   0,   0,   0,   0,   0,   0,   0,   0,   0,   0,   0,   0,   0,   0,   0,   0,   0
   2,   2,   2,   2,   3,   3,   3,   3,   3,   3,   3,   3,   4,   4,   4,   4,   4,   4,   5,   5,   5,   5,   6
   0,   0,   0,   0,   0,   0,   0,   0,   0,   0,   0,   0,   0,   0,   0,   0,   0,   0,   0,   0,   0,   0,   0
   2,   2,   2,   2,   2,   2,   2,   2,   2,   2,   2,   2,   3,   3,   3,   3,   3,   4,   4,   4,   4,   5,   6
   2,   2,   2,   2,   3,   3,   3,   3,   3,   3,   3,   3,   4,   4,   4,   4,   4,   4,   4,   4,   4,   5,   5
   2,   3,   2,   2,   2,   2,   2,   2,   2,   2,   2,   2,   3,   3,   3,   3,   3,   4,   4,   4,   4,   5,   5
   1,   1,   1,   1,   2,   1,   2,   2,   2,   2,   2,   2,   3,   3,   3,   3,   3,   3,   3,   3,   3,   4,   4
   6,   7,   8,   8,   8,   9,  10,  12,  11,  11,  10,  13,  21,  22,  11,  15,  21,  22,  13,  15,  12,  22,  22
   6,   6,   6,   6,   8,   7,   7,   7,   7,   7,   7,   8,   8,   7,   8,   9,   8,   8,   8,   8,   8,   9,   9
   7,   5,   6,   5,   7,   7,   9,   9,   9,  10,  10,  10,  10,  10,  10,  11,  11,  12,  12,  12,  13,  13,  14
   2,   3,   3,   4,   4,   5,   6,   6,   5,   7,   7,   6,  10,   7,   8,   8,   9,   7,   8,  10,   9,   8,   9
   0,   0,   0,   0,   0,   0,   0,   0,   0,   0,   0,   0,   0,   0,   0,   0,   0,   0,   0,   0,   0,   0,   0
   0,   0,   0,   0,   0,   0,   0,   0,   0,   0,   0,   0,   0,   0,   0,   0,   0,   0,   0,   0,   0,   0,   0
   3,   5,   5,   5,   7,   9,   6,   5,   5,   6,   8,   8,   9,   7,   7,   9,   9,   7,   8,   8,   8,   8,   8
  11,  11,  11,  12,  13,  14,  14,  14,  14,  14,  15,  15,  15,  15,  15,  15,  15,  16,  17,  18,  18,  18,  19
   4,   6,   6,   6,   6,   8,   7,   7,   8,   9,   9,  11,   9,   9,  14,  11,  15,  11,  15,  11,  14,  12,  13
   0,   0,   0,   0,   0,   0,   0,   0,   0,   0,   0,   0,   0,   0,   0,   0,   0,   0,   0,   0,   0,   0,   0
   6,  18,   7,   7,   7,   9,  11,  12,  11,  12,  11,  11,  12,  12,  12,  13,  14,  14,  15,  17,  19,  19,  20
   6,   7,   7,   7,   9,   9,   9,   9,   9,  10,  10,  10,  10,  10,  10,  11,  11,  11,  11,  11,  11,  12,  13
   5,   6,   8,   8,   8,   9,  10,  10,  10,  10,   5,  10,  11,  11,  13,  12,  12,  13,  13,  14,  13,  14,  15
   7,   6,   7,   7,   7,   8,   8,   8,   8,  10,  10,  10,  10,   9,  12,  13,  17,   9,  11,  11,  12,  10,  11
   1,   1,   1,   1,   1,   1,   1,   1,   1,   1,   2,   2,   2,   2,   2,   2,   2,   3,   3,   3,   3,   3,   4
   4,   5,   5,   5,   6,   5,   5,   5,   5,   5,   5,   5,   6,   6,   6,   6,   6,   6,   6,   6,   6,   7,   7
   1,   1,   1,   1,   2,   2,   2,   1,   2,   1,   2,   2,   2,   2,   2,   2,   2,   2,   2,   2,   2,   3,   3
   4,   5,   5,   6,   8,   6,   8,   8,   8,   9,   8,   6,   9,   9,  10,  10,  11,  11,  10,  12,  11,  16,  19
   3,   3,   3,   3,   7,   4,   6,   6,   6,   6,   6,   6,   7,   7,   7,   7,   7,   7,   7,   7,   8,   9,  10
   0,   0,   0,   0,   0,   0,   0,   0,   0,   0,   0,   0,   0,   0,   0,   0,   0,   0,   0,   0,   0,   0,   0
   0,   0,   0,   0,   0,   0,   0,   0,   0,   0,   0,   0,   0,   0,   0,   0,   0,   0,   0,   0,   0,   0,   0
   0,   0,   0,   0,   0,   0,   0,   0,   0,   0,   0,   0,   0,   0,   0,   0,   0,   0,   0,   0,   0,   0,   0
   2,   2,   2,   2,   4,   3,   3,   3,   3,   3,   3,   4,   4,   4,   4,   4,   4,   4,   4,   4,   5,   5,   6
   0,   0,   0,   0,   0,   0,   0,   0,   0,   0,   0,   0,   0,   0,   0,   0,   0,   0,   0,   0,   0,   0,   0
   0,   0,   0,   0,   0,   0,   0,   0,   0,   0,   0,   0,   0,   0,   0,   0,   0,   0,   0,   0,   0,   0,   0
   0,   0,   0,   0,   0,   0,   0,   0,   0,   0,   0,   0,   0,   0,   0,   0,   0,   0,   0,   0,   0,   0,   0
   0,   0,   0,   0,   0,   0,   0,   0,   0,   0,   0,   0,   0,   0,   0,   0,   0,   0,   0,   0,   0,   0,   0
   0,   0,   0,   0,   0,   0,   0,   0,   0,   0,   0,   0,   0,   0,   0,   0,   0,   0,   0,   0,   0,   0,   0
   0,   0,   0,   0,   0,   0,   0,   0,   0,   0,   0,   0,   0,   0,   0,   0,   0,   0,   0,   0,   0,   0,   0
   0,   0,   0,   0,   0,   0,   0,   0,   0,   0,   0,   0,   0,   0,   0,   0,   0,   0,   0,   0,   0,   0,   0
   0,   0,   0,   0,   0,   0,   0,   0,   0,   0,   0,   0,   0,   0,   0,   0,   0,   0,   0,   0,   0,   0,   0
   7,   8,   8,   9,   9,  12,  11,  12,  12,  14,  14,  14,  15,  14,  16,  17,  16,  15,  16,  16,  17,  19,  17
   4,   4,   5,   5,   5,   7,   8,   8,   7,   8,   8,   8,   8,   9,   9,   9,   9,   9,  10,  11,  11,  12,  13
   3,   3,   3,   5,   3,   4,   3,   0,   1,   2,   5,   5,   5,   5,   5,   5,   5,   5,   6,   6,   5,   6,   6
   4,   5,  14,  12,  13,   6,   7,   7,   7,  12,   9,  10,   8,   8,  15,  12,   8,   9,   9,  10,  15,  10,  11
   0,   0,   0,   0,   0,   0,   0,   0,   0,   0,   0,   0,   0,   0,   0,   0,   0,   0,   0,   0,   0,   0,   0
   0,   0,   0,   0,   0,   0,   0,   0,   0,   0,   0,   0,   0,   0,   0,   0,   0,   0,   0,   0,   0,   0,   0
  11,  14,  10,  10,  13,  10,  12,  12,  11,  13,  14,  14,  15,  15,  14,  15,  18,  15,  17,  14,  14,  15,  16
   0,   0,   0,   0,   0,   0,   0,   0,   0,   0,   0,   0,   0,   0,   0,   0,   0,   0,   0,   0,   0,   0,   0
   3,   3,   3,   4,   6,   6,   6,   6,   6,   9,   8,   8,   8,   8,  11,  11,   8,   8,   8,   9,  11,  10,  11
   0,   0,   0,   0,   0,   0,   0,   0,   0,   0,   0,   0,   0,   0,   0,   0,   0,   0,   0,   0,   0,   0,   0
   4,   4,   5,   5,   5,   8,   8,   8,   8,   9,  10,  11,   9,  12,  14,  12,  15,  12,  13,  13,  14,  14,  12
   0,   0,   0,   0,   0,   0,   0,   0,   0,   0,   0,   0,   0,   0,   0,   0,   0,   0,   0,   0,   0,   0,   0
  14,   7,   6,   6,   6,   8,   9,  10,  10,  11,  11,  12,  12,  12,  20,  14,  13,  13,  14,  15,  20,  16,  17
   6,   7,   6,   7,   7,   8,   9,   9,   9,  10,   9,   9,  10,  10,  11,  11,  11,  12,  12,  12,  12,  13,  15
   0,   0,   0,   0,   0,   0,   0,   0,   0,   0,   0,   0,   0,   0,   0,   0,   0,   0,   0,   0,   0,   0,   0
   0,   0,   0,   0,   0,   0,   0,   0,   0,   0,   0,   0,   0,   0,   0,   0,   0,   0,   0,   0,   0,   0,   0
   0,   0,   0,   0,   0,   0,   0,   0,   0,   0,   0,   0,   0,   0,   0,   0,   0,   0,   0,   0,   0,   0,   0
   0,   0,   0,   0,   0,   0,   0,   0,   0,   0,   0,   0,   0,   0,   0,   0,   0,   0,   0,   0,   0,   0,   0
   0,   0,   0,   0,   0,   0,   0,   0,   0,   0,   0,   0,   0,   0,   0,   0,   0,   0,   0,   0,   0,   0,   0
   0,   0,   0,   0,   0,   0,   0,   0,   0,   0,   0,   0,   0,   0,   0,   0,   0,   0,   0,   0,   0,   0,   0
   0,   0,   0,   0,   0,   0,   0,   0,   0,   0,   0,   0,   0,   0,   0,   0,   0,   0,   0,   0,   0,   0,   0
   0,   0,   0,   0,   0,   0,   0,   0,   0,   0,   0,   0,   0,   0,   0,   0,   0,   0,   0,   0,   0,   0,   0
   1,   0,   0,   0,   0,   0,   1,   1,   1,   1,   1,   1,   1,   1,   1,   1,   1,   1,   1,   2,   2,   2,   3
   0,   0,   0,   0,   0,   0,   0,   0,   0,   0,   0,   0,   0,   0,   0,   0,   0,   0,   0,   0,   0,   0,   0
   0,   0,   0,   0,   0,   0,   0,   0,   0,   0,   0,   0,   0,   0,   0,   0,   0,   0,   0,   0,   0,   0,   0
   0,   0,   0,   0,   0,   0,   0,   0,   0,   0,   0,   0,   0,   0,   0,   0,   0,   0,   0,   0,   0,   0,   0
  12,  13,  13,  14,  14,  17,  18,  20,  20,  21,  21,  22,  21,  22,  24,  25,  26,  26,  28,  29,  30,  30,  31
   0,   0,   0,   0,   0,   0,   0,   0,   0,   0,   0,   0,   0,   0,   0,   0,   0,   0,   0,   0,   0,   0,   0
   0,   0,   0,   0,   0,   0,   0,   0,   0,   0,   0,   0,   0,   0,   0,   0,   0,   0,   0,   0,   0,   0,   0
   0,   0,   0,   0,   0,   0,   0,   0,   0,   0,   0,   0,   0,   0,   0,   0,   0,   0,   0,   0,   0,   0,   0
  13,   5,   5,   6,   7,   9,   8,   8,   8,   8,   9,   9,   8,   8,   9,   9,   9,   9,  11,  10,  10,  10,  11
  13,   5,   5,   6,   6,   6,  10,   7,   8,   8,  10,   9,  14,  10,   9,  10,  14,  11,  11,  12,  12,  13,  13
   0,   0,   0,   0,   0,   0,   0,   0,   0,   0,   0,   0,   0,   0,   0,   0,   0,   0,   0,   0,   0,   0,   0
   3,   4,   6,   5,   7,   5,   7,   8,   7,   7,   6,   6,  10,   6,  10,   8,   7,   6,   8,  10,  10,   9,   9
   9,   9,  10,  10,  10,  12,  12,  13,  13,  13,  13,  13,  14,  13,  14,  14,  14,  16,  16,  18,  16,  16,  17
   4,   4,   4,   5,   6,   6,   8,   8,   7,   9,   8,   8,   9,   8,   9,  11,   8,   8,  11,  11,   9,  11,  13
   0,   0,   0,   0,   0,   0,   0,   0,   0,   0,   0,   0,   0,   0,   0,   0,   0,   0,   0,   0,   0,   0,   0
   0,   0,   0,   0,   0,   0,   0,   0,   0,   0,   0,   0,   0,   0,   0,   0,   0,   0,   0,   0,   0,   0,   0
   4,   5,   5,   5,   5,   7,   7,   7,   8,   8,   8,   9,   9,   8,   9,   9,  10,   8,  10,  10,   9,  11,  12
   0,   0,   0,   0,   0,   0,   0,   0,   0,   0,   0,   0,   0,   0,   0,   0,   0,   0,   0,   0,   0,   0,   0
   0,   0,   0,   0,   0,   0,   0,   0,   0,   0,   0,   0,   0,   0,   0,   0,   0,   0,   0,   0,   0,   0,   0
   0,   0,   0,   0,   0,   0,   0,   0,   0,   0,   0,   0,   0,   0,   0,   0,   0,   0,   0,   0,   0,   0,   0
   4,   4,   4,   4,   6,   2,   6,   6,   5,   6,   6,   6,   6,   6,   6,   6,   6,   6,   7,   7,   7,   7,   7
   5,   5,   5,   5,   6,   5,   6,   6,   5,   6,   6,   6,   6,   6,   7,   6,  13,   6,   7,   7,   7,   7,   7
   0,   0,   0,   0,   0,   0,   0,   0,   0,   0,   0,   0,   0,   0,   0,   0,   0,   0,   0,   0,   0,   0,   0
   0,   0,   0,   0,   0,   0,   0,   0,   0,   0,   0,   0,   0,   0,   0,   0,   0,   0,   0,   0,   0,   0,   0
   0,   0,   0,   0,   0,   0,   0,   0,   0,   0,   0,   0,   0,   0,   0,   0,   0,   0,   0,   0,   0,   0,   0
   0,   0,   0,   0,   0,   0,   0,   0,   0,   0,   0,   0,   0,   0,   0,   0,   0,   0,   0,   0,   0,   0,   0
   0,   0,   0,   0,   0,   0,   0,   0,   0,   0,   0,   0,   0,   0,   0,   0,   0,   0,   0,   0,   0,   0,   0
   0,   0,   0,   0,   0,   0,   0,   0,   0,   0,   0,   0,   0,   0,   0,   0,   0,   0,   0,   0,   0,   0,   0
   0,   0,   0,   0,   0,   0,   0,   0,   0,   0,   0,   0,   0,   0,   0,   0,   0,   0,   0,   0,   0,   0,   0
   0,   0,   0,   0,   0,   0,   0,   0,   0,   0,   0,   0,   0,   0,   0,   0,   0,   0,   0,   0,   0,   0,   0
   0,   0,   0,   0,   0,   0,   0,   0,   0,   0,   0,   0,   0,   0,   0,   0,   0,   0,   0,   0,   0,   0,   0
   0,   0,   0,   0,   0,   0,   0,   0,   0,   0,   0,   0,   0,   0,   0,   0,   0,   0,   0,   0,   0,   0,   0
   0,   0,   0,   0,   0,   0,   0,   0,   0,   0,   0,   0,   0,   0,   0,   0,   0,   0,   0,   0,   0,   0,   0
   0,   0,   0,   0,   0,   0,   0,   0,   0,   0,   0,   0,   0,   0,   0,   0,   0,   0,   0,   0,   0,   0,   0
   0,   0,   0,   0,   0,   0,   0,   0,   0,   0,   0,   0,   0,   0,   0,   0,   0,   0,   0,   0,   0,   0,   0
   0,   0,   0,   0,   0,   0,   0,   0,   0,   0,   0,   0,   0,   0,   0,   0,   0,   0,   0,   0,   0,   0,   0
   0,   0,   0,   0,   0,   0,   0,   0,   0,   0,   0,   0,   0,   0,   0,   0,   0,   0,   0,   0,   0,   0,   0
   0,   0,   0,   0,   0,   0,   0,   0,   0,   0,   0,   0,   0,   0,   0,   0,   0,   0,   0,   0,   0,   0,   0
   0,   0,   0,   0,   0,   0,   0,   0,   0,   0,   0,   0,   0,   0,   0,   0,   0,   0,   0,   0,   0,   0,   0
   0,   0,   0,   0,   0,   0,   0,   0,   0,   0,   0,   0,   0,   0,   0,   0,   0,   0,   0,   0,   0,   0,   0
   0,   0,   0,   0,   0,   0,   0,   0,   0,   0,   0,   0,   0,   0,   0,   0,   0,   0,   0,   0,   0,   0,   0
   0,   0,   0,   0,   0,   0,   0,   0,   0,   0,   0,   0,   0,   0,   0,   0,   0,   0,   0,   0,   0,   0,   0
   0,   0,   0,   0,   0,   0,   0,   0,   0,   0,   0,   0,   0,   0,   0,   0,   0,   0,   0,   0,   0,   0,   0
  10,   6,   7,   8,  11,   9,  11,  10,  10,  10,  11,  11,  13,  11,  11,  12,  12,  12,  12,  13,  13,  14,  15
   5,   5,   5,   5,   7,   6,   6,   5,   5,   6,   6,   6,   6,   7,   7,   7,   7,   7,   9,   9,   7,   8,   9
  19,   8,   8,   8,   9,   9,  10,  10,  10,  12,  12,  13,  14,  10,  14,  16,  13,  12,  13,  13,  14,  14,  15
   7,   6,   6,   6,  10,   8,  13,   9,   8,   9,   9,  10,   9,   9,  10,  11,  11,  12,  13,  15,  16,  16,  18
   0,   0,   0,   0,   0,   0,   0,   0,   0,   0,   0,   0,   0,   0,   0,   0,   0,   0,   0,   0,   0,   0,   0
   5,   7,   6,   6,   6,   7,   7,   7,   8,   8,   8,   8,  10,  10,   9,  10,  10,  11,  12,  14,  12,  15,  18
   0,   0,   0,   0,   0,   0,   0,   0,   0,   0,   0,   0,   0,   0,   0,   0,   0,   0,   0,   0,   0,   0,   0
   0,   0,   0,   0,   0,   0,   0,   0,   0,   0,   0,   0,   0,   0,   0,   0,   0,   0,   0,   0,   0,   0,   0
   0,   0,   0,   0,   0,   0,   0,   0,   0,   0,   0,   0,   0,   0,   0,   0,   0,   0,   0,   0,   0,   0,   0
   0,   0,   0,   0,   0,   0,   0,   0,   0,   0,   0,   0,   0,   0,   0,   0,   0,   0,   0,   0,   0,   0,   0
   0,   0,   0,   0,   0,   0,   0,   0,   0,   0,   0,   0,   0,   0,   0,   0,   0,   0,   0,   0,   0,   0,   0
   0,   0,   0,   0,   0,   0,   0,   0,   0,   0,   0,   0,   0,   0,   0,   0,   0,   0,   0,   0,   0,   0,   0
   6,   7,   7,   8,   9,   8,   8,   9,   8,   9,   9,  10,  17,  18,  11,  13,  17,  18,  11,  12,  11,  18,  18
   5,   6,   6,   7,   8,   7,   9,   8,   8,   9,   1,   8,  13,   8,   9,   9,  14,   8,  10,  10,   9,   9,   9
   2,   2,   3,   3,   4,   4,   5,   5,   5,   5,   5,   5,   6,   6,   6,   6,   6,   6,   6,   7,   7,   8,   9
   5,   6,   5,   6,   9,   7,  11,   8,   8,   8,   8,   8,   8,   8,   9,   9,  10,  11,  11,  12,  12,  13,  14
   5,   5,   5,   6,   6,   8,  10,  12,  10,  11,   9,  11,   9,   9,  12,  14,  12,  20,  22,  22,  21,  24,  27
   0,   0,   0,   0,   0,   0,   0,   0,   0,   0,   0,   0,   0,   0,   0,   0,   0,   0,   0,   0,   0,   0,   0
   6,   7,   5,   6,   7,   7,   8,   8,   8,   8,   9,   9,   9,   9,  11,   9,   9,   9,  10,  11,  11,  11,  12
   1,   1,   1,   1,   3,   2,   3,   3,   3,   3,   3,   3,   3,   3,   3,   3,   4,   3,   3,   4,   4,   4,   5
   7,   9,  10,  10,  10,  10,  11,  11,  11,  12,  11,  12,  11,  11,  13,  12,  14,  12,  13,  13,  13,  13,  13
   3,   3,   3,   3,   4,   4,   4,   4,   4,   5,   5,   5,   6,   5,   5,   6,   6,   6,   6,   6,   6,   6,   7
   0,   0,   0,   0,   0,   0,   0,   0,   0,   0,   0,   0,   0,   0,   0,   0,   0,   0,   0,   0,   0,   0,   0
   6,   6,   6,   7,   7,   8,   9,   9,  13,   9,  10,  10,  11,  10,  15,  10,  11,  11,  11,  11,  15,  11,  12
   3,   4,   4,   4,   5,   4,   4,   4,   4,   4,   5,   6,   5,   5,   6,   5,   9,   6,   6,   6,   6,   6,   6
   4,   5,   5,   5,   6,   6,   6,   6,   6,   7,   7,   7,   7,   7,   7,   8,   8,   8,   8,   8,   8,   9,   9
   4,   6,   5,   4,   6,   7,   7,   7,   8,   8,   9,  10,  21,  11,  18,  11,  11,  11,  13,  11,  17,  11,  12
   0,   0,   0,   0,   0,   0,   0,   0,   0,   0,   0,   0,   0,   0,   0,   0,   0,   0,   0,   0,   0,   0,   0
   5,   5,   5,   6,   6,   8,   8,   9,  11,  10,  10,  10,  11,  11,  11,  12,  12,  12,  13,  15,  14,  15,  17
   3,   4,   5,   7,  18,   7,   7,   7,   4,   7,   7,   7,   7,   7,   6,   8,   8,   7,   7,   7,   8,   9,  10
   2,   2,   2,   2,   2,   3,   3,   3,   3,   3,   5,   5,   6,   5,   4,   5,   6,   5,   6,   4,   5,   5,   6
   2,   3,   3,   3,   4,   5,   6,   6,   6,   9,  13,  12,  18,  13,  14,  14,  18,  13,  16,   8,  14,  13,  13
  11,  11,  12,  12,  12,  10,  26,  16,  18,  23,  19,  18,  27,   6,  27,  23,  21,  21,  19,  20,  26,  14,  15
   8,   7,   8,   8,  10,   8,  10,  10,   9,   9,   8,   9,   9,   9,  10,   9,  12,  10,  10,  10,  10,  11,  12
   6,   5,   5,   6,   7,   8,   8,   8,   8,   9,   9,   9,   9,   9,  30,  10,  10,  10,  10,  12,  29,  13,  14
   0,   0,   0,   0,   0,   0,   0,   0,   0,   0,   0,   0,   0,   0,   0,   0,   0,   0,   0,   0,   0,   0,   0
   0,   0,   0,   0,   0,   0,   0,   0,   0,   0,   0,   0,   0,   0,   0,   0,   0,   0,   0,   0,   0,   0,   0
   0,   0,   0,   0,   0,   0,   0,   0,   0,   0,   0,   0,   0,   0,   0,   0,   0,   0,   0,   0,   0,   0,   0
   0,   0,   0,   0,   0,   0,   0,   0,   0,   0,   0,   0,   0,   0,   0,   0,   0,   0,   0,   0,   0,   0,   0
   1,   2,   2,   3,   3,   5,   5,   6,   7,   8,   8,   9,  10,  13,  10,  12,  12,  13,  13,  15,  14,  15,  16
   2,   2,   2,   3,   4,   4,   5,   5,   5,   5,   5,   5,   5,   5,   6,   6,   6,   7,   7,   7,   8,   8,   8
   0,   0,   0,   0,   0,   0,   0,   0,   0,   0,   0,   0,   0,   0,   0,   0,   0,   0,   0,   0,   0,   0,   0
   3,   3,   3,   4,   4,   4,   5,   5,   5,   5,   4,   5,   5,   9,   5,   6,   7,   9,   5,   6,   6,   9,   9
   0,   0,   0,   0,   0,   0,   0,   0,   0,   0,   0,   0,   0,   0,   0,   0,   0,   0,   0,   0,   0,   0,   0
   7,   7,   7,   8,   9,   9,   9,   9,   0,  10,  10,  10,  10,  10,  11,  13,  11,  10,  10,  10,  11,  10,  10
   9,   6,   6,   7,  10,  13,   9,   9,   9,  11,  11,  10,  12,  11,  13,  15,  13,  11,  12,  12,  13,  12,  13
   2,   4,   3,   3,   4,   4,   4,   4,   4,   5,   6,   6,   5,   5,   7,   7,   7,   5,   6,   7,   7,   6,   7
   0,   0,   0,   0,   0,   0,   0,   0,   0,   0,   0,   0,   0,   0,   0,   0,   0,   0,   0,   0,   0,   0,   0
   3,   3,   3,   3,   4,   4,   4,   4,   4,   4,   5,   5,   5,   1,   5,   5,   5,   6,   6,   6,   6,   7,   8
   0,   0,   0,   0,   0,   0,   0,   0,   0,   0,   0,   0,   0,   0,   0,   0,   0,   0,   0,   0,   0,   0,   0
   1,   1,   1,   1,   2,   3,   4,   2,   3,   2,   3,   3,   3,  15,   3,   4,  12,  15,   4,   4,   5,  15,  15
   3,   3,   3,   4,   4,   7,   7,   7,   7,   7,   8,   8,   6,   6,   7,   9,   9,  10,   7,   8,   8,   8,   9
   4,   4,   4,   4,   4,   4,   5,   5,   5,   5,   5,   5,   6,   6,   6,   6,   6,   6,   7,   8,   7,   8,   9
